<annotation>
	<folder>mix_updated</folder>
	<filename>10r50.jpgr50.jpg</filename>
	<path>C:\Users\Ivan\Downloads\mix_updated\10r50.jpgr50.jpg</path>
	<source>
		<database>Unknown</database>
	</source>
	<size>
		<width>1024</width>
		<height>768</height>
		<depth>3</depth>
	</size>
	<segmented>0</segmented>
	<object>
		<name>dirty</name>
		<pose>Unspecified</pose>
		<truncated>0</truncated>
		<difficult>0</difficult>
		<bndbox>
			<xmin>422</xmin>
			<ymin>114</ymin>
			<xmax>632</xmax>
			<ymax>344</ymax>
		</bndbox>
	</object>
</annotation>
