<annotation>
	<folder>mix_updated</folder>
	<filename>1r22.jpgr22.jpg</filename>
	<path>C:\Users\Ivan\Downloads\mix_updated\1r22.jpgr22.jpg</path>
	<source>
		<database>Unknown</database>
	</source>
	<size>
		<width>1024</width>
		<height>768</height>
		<depth>3</depth>
	</size>
	<segmented>0</segmented>
	<object>
		<name>dirty</name>
		<pose>Unspecified</pose>
		<truncated>0</truncated>
		<difficult>0</difficult>
		<bndbox>
			<xmin>338</xmin>
			<ymin>258</ymin>
			<xmax>563</xmax>
			<ymax>499</ymax>
		</bndbox>
	</object>
</annotation>
