<annotation>
	<folder>mix_updated</folder>
	<filename>21.jpg</filename>
	<path>C:\Users\Ivan\Downloads\mix_updated\21.jpg</path>
	<source>
		<database>Unknown</database>
	</source>
	<size>
		<width>1024</width>
		<height>768</height>
		<depth>3</depth>
	</size>
	<segmented>0</segmented>
	<object>
		<name>clean</name>
		<pose>Unspecified</pose>
		<truncated>0</truncated>
		<difficult>0</difficult>
		<bndbox>
			<xmin>342</xmin>
			<ymin>156</ymin>
			<xmax>565</xmax>
			<ymax>420</ymax>
		</bndbox>
	</object>
</annotation>
