<annotation>
	<folder>mix_updated</folder>
	<filename>21r177.jpg</filename>
	<path>C:\Users\Ivan\Downloads\mix_updated\21r177.jpg</path>
	<source>
		<database>Unknown</database>
	</source>
	<size>
		<width>1024</width>
		<height>768</height>
		<depth>3</depth>
	</size>
	<segmented>0</segmented>
	<object>
		<name>clean</name>
		<pose>Unspecified</pose>
		<truncated>0</truncated>
		<difficult>0</difficult>
		<bndbox>
			<xmin>454</xmin>
			<ymin>341</ymin>
			<xmax>679</xmax>
			<ymax>624</ymax>
		</bndbox>
	</object>
</annotation>
