<annotation>
	<folder>mix_updated</folder>
	<filename>21r32.jpg</filename>
	<path>C:\Users\Ivan\Downloads\mix_updated\21r32.jpg</path>
	<source>
		<database>Unknown</database>
	</source>
	<size>
		<width>1024</width>
		<height>768</height>
		<depth>3</depth>
	</size>
	<segmented>0</segmented>
	<object>
		<name>clean</name>
		<pose>Unspecified</pose>
		<truncated>0</truncated>
		<difficult>0</difficult>
		<bndbox>
			<xmin>282</xmin>
			<ymin>215</ymin>
			<xmax>540</xmax>
			<ymax>462</ymax>
		</bndbox>
	</object>
</annotation>
